{
  "ie": {
    "6": 0,
    "7": 0,
    "8": 0.00016464006183880724,
    "9": 0.00554288208190651,
    "10": 0.002117454128649104,
    "11": 0.7926458577177841,
    "5.5": 0
  },
  "edge": {
    "12": 0.0006539869123041509,
    "13": 0.00554288208190651,
    "14": 0.038621814506353526,
    "15": 0.05768804833429762,
    "16": 0.4911670378156727,
    "17": 0.007015495968353619,
    "18": 0
  },
  "firefox": {
    "2": 0,
    "3": 0.0006539869123041509,
    "4": 0,
    "5": 0,
    "6": 0,
    "7": 0,
    "8": 0,
    "9": 0,
    "10": 0,
    "11": 0,
    "12": 0,
    "13": 0,
    "14": 0,
    "15": 0,
    "16": 0,
    "17": 0,
    "18": 0,
    "19": 0,
    "20": 0,
    "21": 0,
    "22": 0,
    "23": 0,
    "24": 0,
    "25": 0,
    "26": 0,
    "27": 0,
    "28": 0,
    "29": 0,
    "30": 0.0003247067886265365,
    "31": 0.00016464006183880724,
    "32": 0,
    "33": 0.04497875022735192,
    "34": 0.0003247067886265365,
    "35": 0.00016464006183880724,
    "36": 0,
    "37": 0.0004939201855164217,
    "38": 0.0037501347418839423,
    "39": 0.0004893468504653436,
    "40": 0.00016464006183880724,
    "41": 0.002117454128649104,
    "42": 0.0004893468504653436,
    "43": 0.0004893468504653436,
    "44": 0.0006539869123041509,
    "45": 0.004568761716026901,
    "46": 0.0004893468504653436,
    "47": 0.0016281072781837603,
    "48": 0.016139299395254186,
    "49": 0.0014680405513960311,
    "50": 0.0024467342523267184,
    "51": 0.008963736700112837,
    "52": 0.13053670236291873,
    "53": 0.002282094190487911,
    "54": 0.012224524591531435,
    "55": 0.0035854946800451355,
    "56": 0.008474389849647495,
    "57": 0.030472131445332572,
    "58": 0.4052843788914794,
    "59": 0.45466267743796834,
    "60": 0.010436350586559947,
    "61": 0.00016464006183880724,
    "3.5": 0,
    "3.6": 0
  },
  "chrome": {
    "4": 0,
    "5": 0,
    "6": 0,
    "7": 0.00016464006183880724,
    "8": 0,
    "9": 0.00016464006183880724,
    "10": 0.00016464006183880724,
    "11": 0,
    "12": 0,
    "13": 0,
    "14": 0,
    "15": 0.00016464006183880724,
    "16": 0,
    "17": 0,
    "18": 0,
    "19": 0,
    "20": 0,
    "21": 0,
    "22": 0.00016464006183880724,
    "23": 0,
    "24": 0,
    "25": 0.00016464006183880724,
    "26": 0,
    "27": 0,
    "28": 0,
    "29": 0,
    "30": 0,
    "31": 0.00016464006183880724,
    "32": 0.0003292801236776145,
    "33": 0.0003247067886265365,
    "34": 0.16769047631787626,
    "35": 0.00016464006183880724,
    "36": 0.000649413577253073,
    "37": 0.0004939201855164217,
    "38": 0.004239481592349286,
    "39": 0.0003292801236776145,
    "40": 0.009942430401043525,
    "41": 0.0017927473400225677,
    "42": 0,
    "43": 0.0006539869123041509,
    "44": 0.0008186269741429582,
    "45": 0.0019573874018613746,
    "46": 0.001961960736912453,
    "47": 0.0006539869123041509,
    "48": 0.000658560247355229,
    "49": 0.07415662785322942,
    "50": 0.003910201468671671,
    "51": 0.006695362514778161,
    "52": 0.004239481592349286,
    "53": 0.02868853077541216,
    "54": 0.014995965632484691,
    "55": 0.015489885818001113,
    "56": 0.017611913281701294,
    "57": 0.21333236012763446,
    "58": 0.018265900194005445,
    "59": 0.03944501481554757,
    "60": 0.07643414870866626,
    "61": 0.04432476331504776,
    "62": 0.06436969084392255,
    "63": 1.2497644160781813,
    "64": 2.730916719065653,
    "65": 2.954507069712855,
    "66": 0.654636325881404,
    "67": 0.006553589128194743,
    "68": 0.0026159476492166036,
    "69": 0
  },
  "safari": {
    "4": 0,
    "5": 0.0004939201855164217,
    "6": 0,
    "7": 0.0016326806132348384,
    "8": 0.00619686899421066,
    "9": 0.01922630055473182,
    "10": 0.029822717868079496,
    "11": 0.8710236738231585,
    "3.1": 0,
    "3.2": 0,
    "5.1": 0.00016464006183880724,
    "6.1": 0,
    "7.1": 0,
    "9.1": 0.0653529578799043,
    "10.1": 0.16181374077724103,
    "11.1": 0.2744229697399341,
    "TP": 0
  },
  "opera": {
    "9": 0,
    "11": 0,
    "12": 0,
    "15": 0,
    "16": 0,
    "17": 0,
    "18": 0,
    "19": 0,
    "20": 0,
    "21": 0.0006539869123041509,
    "22": 0,
    "23": 0,
    "24": 0,
    "25": 0,
    "26": 0,
    "27": 0,
    "28": 0,
    "29": 0,
    "30": 0,
    "31": 0,
    "32": 0,
    "33": 0,
    "34": 0,
    "35": 0,
    "36": 0.0006539869123041509,
    "37": 0,
    "38": 0,
    "39": 0,
    "40": 0,
    "41": 0,
    "42": 0.00016464006183880724,
    "43": 0.0016281072781837603,
    "44": 0,
    "45": 0.00016464006183880724,
    "46": 0,
    "47": 0,
    "48": 0.00016464006183880724,
    "49": 0.0009786937009306873,
    "50": 0.02265172850798923,
    "51": 0.04205181579466201,
    "52": 0.033083505759498096,
    "9.5-9.6": 0.00016464006183880724,
    "10.0-10.1": 0,
    "10.5": 0,
    "10.6": 0,
    "11.1": 0.00016464006183880724,
    "11.5": 0,
    "11.6": 0,
    "12.1": 0.00016464006183880724
  },
  "ios_saf": {
    "8": 0.0026068009791144478,
    "3.2": 0.00016464006183880724,
    "4.0-4.1": 0.0003247067886265365,
    "4.2-4.3": 0,
    "5.0-5.1": 0.001472613886447109,
    "6.0-6.1": 0.00635693572099839,
    "7.0-7.1": 0.047905684660041824,
    "8.1-8.4": 0.11815668437965066,
    "9.0-9.2": 0.12124825887417935,
    "9.3": 0.787121268976082,
    "10.0-10.2": 1.81604848210781,
    "10.3": 4.418545952939193,
    "11.0-11.2": 43.730270918423095,
    "11.3": 11.005900013816044
  },
  "op_mini": {
    "all": 0.09161762107824514
  },
  "android": {
    "3": 0,
    "4": 0.0013034004895572239,
    "62": 18.2094881061504,
    "2.1": 0,
    "2.2": 0,
    "2.3": 0.0003292801236776145,
    "4.1": 0.0013034004895572239,
    "4.2-4.3": 0.00016464006183880724,
    "4.4": 0,
    "4.4.3-4.4.4": 0
  },
  "bb": {
    "7": 0,
    "10": 0.0159700859983643
  },
  "op_mob": {
    "10": 0.004481868350056419,
    "11": 0.004481868350056419,
    "12": 0.004481868350056419,
    "37": 0.004481868350056419,
    "11.1": 0.004481868350056419,
    "11.5": 0.004481868350056419,
    "12.1": 0.004481868350056419
  },
  "and_chr": {
    "66": 5.885145903794134
  },
  "and_ff": {
    "57": 0.14278866696475664
  },
  "ie_mob": {
    "10": 0,
    "11": 0
  },
  "and_uc": {
    "11.8": 0.01635424614265485
  },
  "samsung": {
    "4": 0,
    "5": 0,
    "6.2": 0
  },
  "and_qq": {
    "1.2": 0
  },
  "baidu": {
    "7.12": 0
  }
}