{
  "ie": {
    "6": 0,
    "7": 0,
    "8": 0.05180266548260574,
    "9": 0.004036571336306942,
    "10": 0.0013455237787689802,
    "11": 0.11773333064228578,
    "5.5": 0
  },
  "edge": {
    "12": 0,
    "13": 0.03969295147368492,
    "14": 0.060548570044604115,
    "15": 0.022873904239072665,
    "16": 0.32427123068332425,
    "17": 0.011436952119536332,
    "18": 0
  },
  "firefox": {
    "2": 0,
    "3": 0,
    "4": 0,
    "5": 0,
    "6": 0,
    "7": 0,
    "8": 0,
    "9": 0,
    "10": 0,
    "11": 0,
    "12": 0,
    "13": 0,
    "14": 0,
    "15": 0,
    "16": 0,
    "17": 0,
    "18": 0,
    "19": 0,
    "20": 0,
    "21": 0,
    "22": 0,
    "23": 0,
    "24": 0.0006727618893844901,
    "25": 0,
    "26": 0,
    "27": 0,
    "28": 0,
    "29": 0,
    "30": 0,
    "31": 0.0006727618893844901,
    "32": 0.004036571336306942,
    "33": 0,
    "34": 0,
    "35": 0.002018285668153471,
    "36": 0,
    "37": 0,
    "38": 0.004036571336306942,
    "39": 0,
    "40": 0,
    "41": 0.0006727618893844901,
    "42": 0,
    "43": 0.004036571336306942,
    "44": 0.020855618570919193,
    "45": 0.014127999677074295,
    "46": 0.0006727618893844901,
    "47": 0.019510094792150216,
    "48": 0.002018285668153471,
    "49": 0.004036571336306942,
    "50": 0.006727618893844902,
    "51": 0.0026910475575379605,
    "52": 0.09755047396075107,
    "53": 0.0060548570044604115,
    "54": 0.0410384752524539,
    "55": 0.008073142672613883,
    "56": 0.021528380460303684,
    "57": 0.5604106538572803,
    "58": 2.331792708606643,
    "59": 1.8110750062230476,
    "60": 0.2247024710544197,
    "61": 0.030274285022302058,
    "3.5": 0,
    "3.6": 0
  },
  "chrome": {
    "4": 0,
    "5": 0,
    "6": 0,
    "7": 0,
    "8": 0,
    "9": 0,
    "10": 0,
    "11": 0,
    "12": 0,
    "13": 0,
    "14": 0,
    "15": 0,
    "16": 0,
    "17": 0,
    "18": 0,
    "19": 0,
    "20": 0,
    "21": 0,
    "22": 0,
    "23": 0,
    "24": 0,
    "25": 0,
    "26": 0,
    "27": 0.0006727618893844901,
    "28": 0.0006727618893844901,
    "29": 0,
    "30": 0.0006727618893844901,
    "31": 0.0013455237787689802,
    "32": 0,
    "33": 0,
    "34": 0,
    "35": 0.00470933322569143,
    "36": 0.0006727618893844901,
    "37": 0.0013455237787689802,
    "38": 0,
    "39": 0.015473523455843274,
    "40": 0.004036571336306942,
    "41": 0.008745904561998372,
    "42": 0,
    "43": 0.08611352184121474,
    "44": 0.006727618893844902,
    "45": 0.03969295147368492,
    "46": 0.004036571336306942,
    "47": 0.024892189907226133,
    "48": 0.03700190391614695,
    "49": 0.16011732967350867,
    "50": 0.058530284376450636,
    "51": 0.013455237787689804,
    "52": 0.019510094792150216,
    "53": 0.5052441789277521,
    "54": 0.060548570044604115,
    "55": 1.3529241595522097,
    "56": 0.15271694889027926,
    "57": 0.2038468524835005,
    "58": 0.16751771045673805,
    "59": 0.410384752524539,
    "60": 0.8079870291507727,
    "61": 0.6512335089241865,
    "62": 1.9328449082016401,
    "63": 19.30624793966671,
    "64": 27.78775707913698,
    "65": 27.711062223747152,
    "66": 0.9916510249527385,
    "67": 0.2724685652007185,
    "68": 0.007400380783229392
  },
  "safari": {
    "4": 0,
    "5": 0,
    "6": 0,
    "7": 0.007400380783229392,
    "8": 0.0026910475575379605,
    "9": 0.0006727618893844901,
    "10": 0.0881318075093682,
    "11": 5.088770931304284,
    "3.1": 0,
    "3.2": 0,
    "5.1": 0,
    "6.1": 0,
    "7.1": 0,
    "9.1": 0.026910475575379608,
    "10.1": 0.45815084667083783,
    "11.1": 0.9344662643550569,
    "TP": 0
  },
  "opera": {
    "9": 0,
    "11": 0,
    "12": 0,
    "15": 0,
    "16": 0,
    "17": 0,
    "18": 0,
    "19": 0,
    "20": 0,
    "21": 0,
    "22": 0,
    "23": 0,
    "24": 0,
    "25": 0,
    "26": 0,
    "27": 0,
    "28": 0,
    "29": 0,
    "30": 0,
    "31": 0,
    "32": 0,
    "33": 0,
    "34": 0,
    "35": 0,
    "36": 0,
    "37": 0,
    "38": 0,
    "39": 0,
    "40": 0,
    "41": 0,
    "42": 0,
    "43": 0,
    "44": 0,
    "45": 0,
    "46": 0,
    "47": 0,
    "48": 0,
    "49": 0.007400380783229392,
    "50": 0.2805417078733324,
    "51": 0.2987062788867136,
    "52": 0.11907885442105476,
    "9.5-9.6": 0,
    "10.0-10.1": 0,
    "10.5": 0,
    "10.6": 0,
    "11.1": 0,
    "11.5": 0,
    "11.6": 0,
    "12.1": 0
  },
  "ios_saf": {
    "8": 0,
    "3.2": 0,
    "4.0-4.1": 0,
    "4.2-4.3": 0,
    "5.0-5.1": 0,
    "6.0-6.1": 0,
    "7.0-7.1": 0.003363809446922451,
    "8.1-8.4": 0.025564951796610624,
    "9.0-9.2": 0.026910475575379608,
    "9.3": 0.08140418861552332,
    "10.0-10.2": 0.04642057036752982,
    "10.3": 0.10091428340767351,
    "11.0-11.2": 1.3495603501052873,
    "11.3": 0.21595656649242134
  },
  "op_mini": {
    "all": 0
  },
  "android": {
    "3": 0,
    "4": 0.0006727618893844901,
    "62": 0.1634811391204311,
    "2.1": 0,
    "2.2": 0.002018285668153471,
    "2.3": 0,
    "4.1": 0,
    "4.2-4.3": 0,
    "4.4": 0.015473523455843274,
    "4.4.3-4.4.4": 0
  },
  "bb": {
    "7": 0,
    "10": 0
  },
  "op_mob": {
    "10": 0.002018285668153471,
    "11": 0.002018285668153471,
    "12": 0.002018285668153471,
    "37": 0.002018285668153471,
    "11.1": 0.002018285668153471,
    "11.5": 0.002018285668153471,
    "12.1": 0.002018285668153471
  },
  "and_chr": {
    "64": 1.6079009156289312
  },
  "and_ff": {
    "57": 0.03363809446922451
  },
  "ie_mob": {
    "10": 0,
    "11": 0
  },
  "and_uc": {
    "11.8": 0.01883733290276572
  },
  "samsung": {
    "4": 0,
    "5": 0,
    "6.2": 0
  },
  "and_qq": {
    "1.2": 0
  },
  "baidu": {
    "7.12": 0
  }
}