{
  "ie": {
    "6": 0,
    "7": 0,
    "8": 0.05007477381766015,
    "9": 0.0060901751940397484,
    "10": 0.0013533722653421665,
    "11": 0.10488635056401789,
    "5.5": 0
  },
  "edge": {
    "12": 0.0006766861326710832,
    "13": 0.03654105116423849,
    "14": 0.059548379675055316,
    "15": 0.023007328510816827,
    "16": 0.3396964386008837,
    "17": 0.012180350388079497,
    "18": 0
  },
  "firefox": {
    "2": 0,
    "3": 0,
    "4": 0,
    "5": 0,
    "6": 0,
    "7": 0,
    "8": 0,
    "9": 0,
    "10": 0,
    "11": 0,
    "12": 0,
    "13": 0,
    "14": 0,
    "15": 0,
    "16": 0,
    "17": 0,
    "18": 0,
    "19": 0,
    "20": 0,
    "21": 0,
    "22": 0,
    "23": 0,
    "24": 0.0006766861326710832,
    "25": 0,
    "26": 0,
    "27": 0,
    "28": 0,
    "29": 0.0006766861326710832,
    "30": 0,
    "31": 0.0006766861326710832,
    "32": 0.004060116796026499,
    "33": 0,
    "34": 0,
    "35": 0.0020300583980132495,
    "36": 0,
    "37": 0,
    "38": 0.004060116796026499,
    "39": 0,
    "40": 0,
    "41": 0.0006766861326710832,
    "42": 0,
    "43": 0.0033834306633554164,
    "44": 0.020300583980132493,
    "45": 0.014887094918763829,
    "46": 0.0006766861326710832,
    "47": 0.016917153316777078,
    "48": 0.0013533722653421665,
    "49": 0.004060116796026499,
    "50": 0.0074435474593819145,
    "51": 0.002706744530684333,
    "52": 0.09744280310463597,
    "53": 0.004736802928697582,
    "54": 0.04127785409293608,
    "55": 0.006766861326710833,
    "56": 0.020977270112803578,
    "57": 0.2578174165476827,
    "58": 2.2405077852739566,
    "59": 2.0659227630448167,
    "60": 0.25443398588432725,
    "61": 0.041954540225607156,
    "3.5": 0,
    "3.6": 0
  },
  "chrome": {
    "4": 0,
    "5": 0,
    "6": 0,
    "7": 0,
    "8": 0,
    "9": 0,
    "10": 0,
    "11": 0,
    "12": 0,
    "13": 0,
    "14": 0,
    "15": 0,
    "16": 0,
    "17": 0,
    "18": 0,
    "19": 0,
    "20": 0,
    "21": 0,
    "22": 0,
    "23": 0,
    "24": 0,
    "25": 0,
    "26": 0,
    "27": 0.0006766861326710832,
    "28": 0.0006766861326710832,
    "29": 0,
    "30": 0.0006766861326710832,
    "31": 0.0020300583980132495,
    "32": 0,
    "33": 0,
    "34": 0,
    "35": 0.004736802928697582,
    "36": 0.0013533722653421665,
    "37": 0.0006766861326710832,
    "38": 0,
    "39": 0.023007328510816827,
    "40": 0.004060116796026499,
    "41": 0.008796919724724081,
    "42": 0,
    "43": 0.02842081757218549,
    "44": 0.0074435474593819145,
    "45": 0.030450875970198747,
    "46": 0.0033834306633554164,
    "47": 0.020300583980132493,
    "48": 0.03654105116423849,
    "49": 0.1644347302390732,
    "50": 0.05616494901169991,
    "51": 0.011503664255408413,
    "52": 0.016240467184105996,
    "53": 0.48180052646181126,
    "54": 0.05481157674635773,
    "55": 1.3540489514748373,
    "56": 0.1488709491876383,
    "57": 0.2172162485874177,
    "58": 0.14684089078962503,
    "59": 0.35661359191766084,
    "60": 0.8296171986547479,
    "61": 0.5968371690158953,
    "62": 1.6497607914521009,
    "63": 13.789510011571332,
    "64": 27.6764628262473,
    "65": 31.65537728635327,
    "66": 3.0992224876335612,
    "67": 0.31195230716136935,
    "68": 0.037217737296909574
  },
  "safari": {
    "4": 0,
    "5": 0,
    "6": 0,
    "7": 0.0074435474593819145,
    "8": 0.002706744530684333,
    "9": 0.0006766861326710832,
    "10": 0.08390908045121431,
    "11": 4.7192090892481335,
    "3.1": 0,
    "3.2": 0,
    "5.1": 0,
    "6.1": 0,
    "7.1": 0,
    "9.1": 0.02571407304150116,
    "10.1": 0.4587931979509944,
    "11.1": 1.2254785862673316,
    "TP": 0
  },
  "opera": {
    "9": 0,
    "11": 0,
    "12": 0,
    "15": 0,
    "16": 0,
    "17": 0,
    "18": 0,
    "19": 0,
    "20": 0,
    "21": 0,
    "22": 0,
    "23": 0,
    "24": 0,
    "25": 0,
    "26": 0,
    "27": 0,
    "28": 0,
    "29": 0,
    "30": 0,
    "31": 0,
    "32": 0,
    "33": 0,
    "34": 0,
    "35": 0,
    "36": 0,
    "37": 0,
    "38": 0,
    "39": 0,
    "40": 0,
    "41": 0,
    "42": 0,
    "43": 0,
    "44": 0,
    "45": 0,
    "46": 0,
    "47": 0,
    "48": 0,
    "49": 0.005413489061368666,
    "50": 0.23548677416953692,
    "51": 0.3038320735693163,
    "52": 0.17526170836181054,
    "9.5-9.6": 0,
    "10.0-10.1": 0,
    "10.5": 0,
    "10.6": 0,
    "11.1": 0,
    "11.5": 0,
    "11.6": 0,
    "12.1": 0
  },
  "ios_saf": {
    "8": 0,
    "3.2": 0,
    "4.0-4.1": 0,
    "4.2-4.3": 0,
    "5.0-5.1": 0,
    "6.0-6.1": 0,
    "7.0-7.1": 0.0033834306633554164,
    "8.1-8.4": 0.026390759174172242,
    "9.0-9.2": 0.02842081757218549,
    "9.3": 0.09338268630860948,
    "10.0-10.2": 0.040601167960264986,
    "10.3": 0.10353297829867572,
    "11.0-11.2": 1.285026965942387,
    "11.3": 0.34375655539691025
  },
  "op_mini": {
    "all": 0
  },
  "android": {
    "3": 0,
    "4": 0,
    "62": 0.16714147476975755,
    "2.1": 0,
    "2.2": 0.0020300583980132495,
    "2.3": 0,
    "4.1": 0,
    "4.2-4.3": 0,
    "4.4": 0.017593839449448163,
    "4.4.3-4.4.4": 0
  },
  "bb": {
    "7": 0,
    "10": 0
  },
  "op_mob": {
    "10": 0.0013533722653421665,
    "11": 0.0013533722653421665,
    "12": 0.0013533722653421665,
    "37": 0.0013533722653421665,
    "11.1": 0.0013533722653421665,
    "11.5": 0.0013533722653421665,
    "12.1": 0.0013533722653421665
  },
  "and_chr": {
    "64": 1.6653245725035355
  },
  "and_ff": {
    "57": 0.03992448182759391
  },
  "ie_mob": {
    "10": 0,
    "11": 0
  },
  "and_uc": {
    "11.8": 0.020300583980132493
  },
  "samsung": {
    "4": 0,
    "5": 0,
    "6.2": 0
  },
  "and_qq": {
    "1.2": 0
  },
  "baidu": {
    "7.12": 0
  }
}